{"macs_list": [390731978.0, 307601812.0, 248259039.0, 207184544.0, 179181044.0, 159629064.0], "nparams_list": [100, 77.92709527725337, 61.95511595495381, 50.38649077495049, 42.37376603622072, 36.49297552726978], "pruned_map_list": [0.3101352402737436, 0.0003138965054418212, 0.0014045175966483814, 9.86789013684935e-05, 0.002531023381181219, 0.00327609157341422], "map_list": [0.3101352402737436, 0.30675032664084395, 0.28743425704950887, 0.26416420445585714, 0.24979876567532325, 0.22768449375240035], "map50_list": [0.4935734681645098, 0.49257758834422916, 0.47229406040053956, 0.4476224501697047, 0.43386627618233786, 0.40050354206983546]}