{"macs_list": [390731978.0, 347590908.0, 308211176.0, 276217753.0, 251786353.0, 229395166.0, 209748812.0, 194148584.0, 180221412.0, 168195489.0, 158457572.0, 150605714.0, 143919370.0, 137761442.0], "nparams_list": [100, 89.06247707732517, 79.02556915795122, 70.39436652343615, 63.49486339050973, 57.1748840836528, 51.71204873698475, 47.458797095238644, 43.494554537627934, 40.13952428934882, 37.19789362334619, 34.778726213502274, 32.787628897819886, 30.91798797790158], "pruned_map_list": [0.3178222177092335, 0.000267808224577467, 0.0033050948948817652, 0.0003332615025908093, 0.016930980616987924, 0.00024682963108081765, 0.0007442228579250778, 0.005287610095145821, 0.001106346882151496, 0.0006824488741686215, 0.005301925512158193, 0.0045088996931494495, 0.0031735555201635375, 3.0548172278520617e-07], "map_list": [0.3178222177092335, 0.2892231965962261, 0.2730837879184609, 0.26445732936632754, 0.264932520900642, 0.26585592990573387, 0.25101185785171093, 0.2619355408640127, 0.2567225965327708, 0.2472153935353484, 0.23825385975064398, 0.2281924926213216, 0.22687252703711444, 0.00185221258641068], "map50_list": [0.5141179260232971, 0.4722483879330086, 0.45416038254326696, 0.4404126463879959, 0.43999743456842866, 0.4418301573219588, 0.4234775761103219, 0.43362980962506403, 0.43336240173731766, 0.42300157994170395, 0.4102384502045906, 0.4025510372640737, 0.40188561630650266, 0.003742136391130531]}