{"macs_list": [390731978.0, 307601812.0, 248259039.0, 207184544.0, 179181044.0, 159629064.0], "nparams_list": [100, 77.92709527725337, 61.95511595495381, 50.38649077495049, 42.37376603622072, 36.49297552726978], "pruned_map_list": [0.3101352402737436, 0.0003138965054418212, 0.008914283443064493, 0.000642774383459732, 0.004107564595625113, 0.010777214782441757], "map_list": [0.3101352402737436, 0.30846979895171034, 0.2873299482111546, 0.2653806496378731, 0.2513543180310224, 0.23151950625134826], "map50_list": [0.4935734681645098, 0.49593731715062556, 0.4706815053315888, 0.44697352529889506, 0.43413982221998393, 0.41186535476956077]}