{"macs_list": [390731978.0, 344006068.0, 304917249.0, 273037016.0, 248837680.0, 226677136.0, 207251478.0, 191712843.0, 177976869.0, 165563650.0, 156032268.0], "nparams_list": [100, 87.94249931473267, 77.98898167344213, 69.3236507954892, 62.49753882859823, 56.250062735741615, 50.85559969577991, 46.56984128822537, 42.66671299459894, 39.125290032159306, 36.2519930662528], "pruned_map_list": [0.3332294561852834, 0.00022614478516735998, 0.0, 0.0020209574659946095, 0.017643964551741827, 0.010907219290922018, 0.019379996013155168, 0.02103863538330962, 0.003046063706501913, 0.012569268391926836, 0.02189366635716004], "map_list": [0.3332294561852834, 0.2995117615750687, 0.28785134388609934, 0.27989210626507427, 0.27494909655739874, 0.26666149957322516, 0.25935938116935775, 0.256220691611575, 0.26326731083421534, 0.2595464624268021, 0.24615981406721527], "map50_list": [0.5294638876196149, 0.4785378106658205, 0.4634141190397327, 0.4593809560834491, 0.4494665578385576, 0.4443502383290345, 0.4427738413379693, 0.4467112952466792, 0.44430825268295576, 0.439609614621915, 0.4188011910632645]}