{"macs_list": [390731978.0, 313533752.0, 256850993.0, 216862387.0, 187559015.0, 165401901.0, 149818088.0, 138607917.0], "nparams_list": [100, 79.30724298614409, 63.736038884577816, 52.69223196395687, 44.46477725916231, 38.37095547499643, 33.582191542835965, 30.116707782706552], "pruned_map_list": [0.3332294561852834, 0.0012333096194501415, 0.002661299571175551, 0.0013973680351401303, 0.02706050205433728, 0.0006058977008622619, 0.0029707197647354635, 0.001011779605379785], "map_list": [0.3332294561852834, 0.2856995167926973, 0.27435785127579365, 0.2673719016866506, 0.26105406984027185, 0.24838704961314853, 0.24284794267980417, 0.22277769489342827], "map50_list": [0.5294638876196149, 0.45918764148256186, 0.44839360906428405, 0.4400397286773826, 0.4416134872178679, 0.4256788694447445, 0.4187746213601461, 0.39185838820730934]}